{
    "openapi": "3.0.0",
    "info":
    {
        "version": "1.0.0",
        "title": "HikeAdvisor API",
        "Description": "API to get data for HikeAdvisor website"
    },
    "servers":
    {
        "url": "https://hikeadvisor.me"
    },
    "paths":
    {
        "/animals":
        {
            "get":
            {
                "description": "Returns list of animals with basic info about each",
                "responses":
                {
                    "200":
                    {
                        "description": "Successfully returned list of animals",
                        "content":
                        {
                            "application/json":
                            {
                                "schema":
                                {
                                    "type": "array",
                                    "items":
                                    {
                                        "type": "object",
                                        "properties":
                                        {
                                          "scientificName":
                                          {
                                              "description": "Scientific name of animal",
                                              "type": "string"
                                          },
                                          "commonName":
                                          {
                                              "description": "Common name of animal",
                                              "type": "string"
                                          },
                                          "location":
                                          {
                                              "description": "What hiking trail/state the animal is in",
                                              "type": "string"
                                          },
                                          "description":
                                          {
                                              "description": "Description of animal",
                                              "type": "string"
                                          }
                                        }
                                    }
                                }
                            }
                        }
                    },
                    "400":
                    {
                       "$ref": "#/components/400Error"
                    }
                }
            },
            "post":
            {
               "description": "Lets a user post a new animal",
               "requestBody":
               {
                   "required": "true",
                   "content":
                   {
                       "application/json":
                       {
                           "schema":
                           {
                               "$ref": "#/components/schemas/Animal"
                           }
                       }
                   }
               },
               "responses":
               {
                   "200":
                   {
                       "description": "Successfully added a new animal"
                   },
                   "400":
                   {
                       "$ref": "#/components/schemas/400Error"
                   }
               }
            }
        },
        "/animals/{animal}":
        {
            "get":
            {
                "description": "Returns more in depth information for a specific animal",
                 "parameters":
                [
                    {
                        "name": "animal",
                        "in": "path",
                        "description": "Name of the animal to get info for",
                        "required": "true",
                        "schema":
                        {
                            "type": "string"
                        }
                    }
                ],
                "responses":
                {
                    "200":
                    {
                        "description": "Successfully returned animal info",
                        "content":
                        {
                            "application/json":
                            {
                                "schema":
                                {
                                    "$ref": "#/components/schemas/Animal"
                                }
                            }
                        }
                    },
                    "400":
                    {
                        "$ref": "#/components/400Error"
                    }
                }
            }
        },
        "/hikingtrails":
        {
            "get":
            {
                "description": "List of hiking trails",
                "responses":
                {
                    "200":
                    {
                        "description": "Successfully returned list of hiking trails",
                        "content":
                        {
                            "application/json":
                            {
                                "schema":
                                {
                                    "type": "array",
                                    "items":
                                    {
                                        "type": "object",
                                        "properties":
                                        {
                                            "name":
                                            {
                                                "description": "Name of hiking trail",
                                                "type": "string"
                                            },
                                            "location":
                                            {
                                                "description": "City/state that hiking trail is located in",
                                                "type": "string"
                                            },
                                            "difficultyLevel":
                                            {
                                                "description": "The difficulty level of the hiking trail",
                                                "type": "string"
                                            }
                                        }
                                    }
                                }
                            }
                        }
                    },
                    "400":
                    {
                        "$ref": "#/components/400Error"
                    }
                }
            },
            "post":
            {
                "description": "Lets user post a new hiking trail",
                "requestBody":
                {
                    "required": "true",
                    "content":
                    {
                        "application/json":
                        {
                            "schemas":
                            {
                                "$ref": "#/components/schemas/HikingTrail"
                            }
                        }
                    }
                },
                "responses":
                {
                    "200":
                    {
                        "description": "Successfully posted a hiking trail"
                    },
                    "400":
                    {
                        "$ref": "#/components/400Error"
                    }
                }
            }
        },
        "/hikingtrails/{trailID}":
        {
            "get":
            {
                "description": "More in depth information about a specific hiking trail",
                "parameters":
                [
                    {
                        "name": "trailID",
                        "in": "path",
                        "description": "ID of the trail to get info for",
                        "required": "true",
                        "schema":
                        {
                            "type": "number"
                        }
                    }
                ],
                "responses":
                {
                    "200":
                    {
                        "description": "Successfully returned hiking trail info",
                        "content":
                        {
                            "application/json":
                            {
                                "schema":
                                {
                                   "$ref": "#/components/schemas/HikingTrail"
                                }
                            }
                        }
                    },
                    "400":
                    {
                        "$ref": "#/components/400Error"
                    }
                }
            }
        },
        "/states":
        {
            "get":
            {
                "description": "List of states",
                "responses":
                {
                    "200":
                    {
                        "description": "Successfully returned state list",
                        "content":
                        {
                            "application/json":
                            {
                                "schema":
                                {
                                    "type": "array",
                                    "items":
                                    {
                                        "type": "object",
                                        "properties":
                                        {
                                            "name":
                                            {
                                                "description": "Name of the state",
                                                "type": "string"
                                            },
                                            "capital":
                                            {
                                                "description": "The capital of the state",
                                                "type": "string"
                                            },
                                            "population":
                                            {
                                                "description": "The population of the state",
                                                "type": "number"
                                            }
                                        }
                                    }
                                }
                            }
                        }
                    },
                    "400":
                    {
                       "$ref": "#/components/400Error" 
                    }
                }
            },
            "post":
            {
                "description": "Lets user post a new state",
                "requestBody":
                {
                    "required": "true",
                    "content":
                    {
                        "application/json":
                        {
                            "schema":
                            {
                                "$ref": "#/components/schemas/HikingTrail"
                            }
                        }
                    }
                },
                "responses":
                {
                    "200":
                    {
                        "description": "Successfully posted a new state"
                    },
                    "400":
                    {
                        "$ref": "#/components/400Error" 
                    }
                }
            }
        },
        "/states/{state}":
        {
            "get":
            {
                "description": "More in depth information about a specific state",
                "parameters":
                [
                    {
                        "name": "state",
                        "in": "path",
                        "description": "State to get info for",
                        "required": "true",
                        "schema":
                        {
                            "type": "string"
                        }
                    }
                ],
                "responses":
                {
                    "200":
                    {
                        "description": "Successfully returned state info",
                        "content":
                        {
                            "application/json":
                            {
                                "schema":
                                {
                                    "$ref": "#/components/schemas/State"
                                }
                            }
                        }
                    },
                    "400":
                    {
                        "$ref": "#/components/400Error"
                    }
                }
            }
        }
    },
    
    "components":
    {
        "responses":
        {
            "400Error":
            {
                "description": "Invalid request",
                "content":
                {
                    "application/json":
                    {
                        "schema":
                        {
                            "type": "object",
                            "properties":
                            {
                                "message":
                                {
                                    "type": "string"
                                }
                            }
                        }
                    }
                }
            }
        },
        "schemas":
        {
            "Animal":
            {
                "type":"object",
                "properties":
                {
                    "name":
                    {
                        "description": "Name of the state",
                        "type": "string"
                    },
                    "longlat":
                    {
                        "description": "The longitude and latitude range of the state",
                        "type": "string"
                    },
                    "elevation":
                    {
                        "description": "Average elevation of the state",
                        "type": "string"
                    },
                    "capital":
                    {
                        "description": "The capital of the state",
                        "type": "string"
                    },
                    "totalArea":
                    {
                        "description": "Area of the state",
                        "type": "string"
                    },
                    "landArea":
                    {
                        "description": "Land area of the state",
                        "type": "string"
                    },
                    "waterArea":
                    {
                        "description": "Water area of the state",
                        "type": "string"
                    },
                    "dimensions":
                    {
                        "description": "Dimensions of the state",
                        "type": "string"
                    },
                    "population":
                    {
                        "description": "The population of the state",
                        "type": "number"
                    },
                    "popDensity":
                    {
                        "description": "Population density of the state",
                        "type": "string"
                    },
                    "timezone":
                    {
                        "description": "Timezone of the state",
                        "type": "string"
                    }
                }
            },
            "HikingTrail":
            {
                "type": "object",
                "properties":
                {
                    "name":
                    {
                        "description": "Name of hiking trail",
                        "type": "string"
                    },
                    "location":
                    {
                        "description": "City/state that hiking trail is located in",
                        "type": "string"
                    },
                    "grade":
                    {
                        "description": "The average grade of the hiking trail",
                        "type": "number"
                    },
                    "elevation":
                    {
                        "description": "The average elevation of the hiking trail",
                        "type": "string"
                    },
                    "difficultyLevel":
                    {
                        "description": "The difficulty level of the hiking trail",
                        "type": "string"
                    },
                    "dogAllowed":
                    {
                        "description": "If dogs are allowed in the hiking trail",
                        "type": "boolean"
                    },
                    "length":
                    {
                        "description": "Length of hiking trail",
                        "type": "string"
                    },
                    "highPoint":
                    {
                        "description": "The elevation of the highest point of the hiking trail",
                        "type": "string"
                    },
                    "lowPoint":
                    {
                        "description": "The elevation of the lowest point of the hiking trail",
                        "type": "string"
                    },
                    "desc":
                    {
                        "description": "Description of the hiking trail",
                        "type": "string"
                    }
                }
            },
            "State":
            {
                "type":"object",
                "properties":
                {
                    "name":
                    {
                        "description": "Name of the state",
                        "type": "string"
                    },
                    "longlat":
                    {
                        "description": "The longitude and latitude range of the state",
                        "type": "string"
                    },
                    "elevation":
                    {
                        "description": "Average elevation of the state",
                        "type": "string"
                    },
                    "capital":
                    {
                        "description": "The capital of the state",
                        "type": "string"
                    },
                    "totalArea":
                    {
                        "description": "Area of the state",
                        "type": "string"
                    },
                    "landArea":
                    {
                        "description": "Land area of the state",
                        "type": "string"
                    },
                    "waterArea":
                    {
                        "description": "Water area of the state",
                        "type": "string"
                    },
                    "dimensions":
                    {
                        "description": "Dimensions of the state",
                        "type": "string"
                    },
                    "population":
                    {
                        "description": "The population of the state",
                        "type": "number"
                    },
                    "popDensity":
                    {
                        "description": "Population density of the state",
                        "type": "string"
                    },
                    "timezone":
                    {
                        "description": "Timezone of the state",
                        "type": "string"
                    }
                }
            }
        }
    }
}